{
  "criteria": {
    "shot_arrow": {
      "trigger": "minecraft:player_hurt_entity",
      "conditions": {
        "player": {
          "nbt": "{Tags:[precise]}"
        },
        "damage": {
          "type": {
            "tags": [
              {
                "id": "minecraft:is_projectile",
                "expected": true
              }
            ],
            "direct_entity": {
              "type": "#minecraft:arrows"
            }
          }
        }
      }
    }
  },
  "requirements": [
    [
      "shot_arrow"
    ]
  ],
  "rewards": {
    "function": "skill:precise_detect"
  },
  "sends_telemetry_event": true
}
