{
    "criteria": {
      "got_hurt": {
        "trigger": "minecraft:entity_hurt_player",
        "conditions": {
          "player": [
            {
              "condition": "minecraft:entity_properties",
              "entity": "this",
              "predicate": {
                "type_specific": {
                  "type": "player"
                },
                "nbt": "{Tags:[sans]}"
              }
            }
          ],
          "damage": {
            "type": {
              "tags": [
                {
                  "id": "minecraft:always_most_significant_fall",
                  "expected": false
                },
                {
                  "id": "minecraft:is_fall",
                  "expected": false
                }
              ]
            }
          }
        }
      }
    },
    "rewards": {
      "function": "skill:miss"
    }
  }
  