{
    "criteria": {
      "kill_mob": {
        "trigger": "minecraft:player_killed_entity",
        "conditions": {
          "player": {
            "nbt": "{Tags:[guilt]}"
          },
          "entity": {
            "type": "minecraft:player",
            "type_specific": {
              "type": "player"
            }
          }
        }
      }
    },
    "requirements": [
      [
        "kill_mob"
      ]
    ],
    "rewards": {
      "function": "skill:guilt_player"
    }
  }
  