{
  "criteria": {
    "hit": {
      "trigger": "minecraft:player_hurt_entity",
      "conditions": {
        "damage": {
          "blocked": false
        },
        "entity": [
          {
            "condition": "minecraft:inverted",
            "term": {
              "condition": "minecraft:entity_properties",
              "entity": "this",
              "predicate": {
                "type": "minecraft:interaction"
              }
            }
          }
        ]
      }
    }
  },
  "requirements": [
    [
      "hit"
    ]
  ],
  "rewards": {
    "function": "skill:hitaddspeed"
  }
}
