{
  "criteria": {
    "kirito": {
      "trigger": "minecraft:player_hurt_entity",
      "conditions": {
        "damage": {
          "blocked": false,
          "source_entity": {
            "equipment": {
              "mainhand": {
                "items": [
                  "minecraft:diamond_sword",
                  "minecraft:golden_sword",
                  "minecraft:iron_sword",
                  "minecraft:netherite_sword",
                  "minecraft:stone_sword",
                  "minecraft:wooden_sword"
                ]
              },
              "offhand": {
                "items": [
                  "minecraft:diamond_sword",
                  "minecraft:golden_sword",
                  "minecraft:iron_sword",
                  "minecraft:netherite_sword",
                  "minecraft:stone_sword",
                  "minecraft:wooden_sword"
                ]
              }
            }
          },
          "type": {
            "tags": [
              {
                "id": "minecraft:bypasses_cooldown",
                "expected": false
              }
            ]
          }
        }
      }
    }
  },
  "rewards": {
    "function": "skill:kirito_hit"
  }
}
