{
  "display": {
    "icon": {
      "item": "minecraft:diamond_axe",
      "nbt": "{Damage:0}"
    },
    "title": {
      "text": "殺人了"
    },
    "description": {
      "text": "殺人了"
    },
    "show_toast": false,
    "announce_to_chat": false
  },
  "criteria": {
    "hit": {
      "trigger": "minecraft:player_killed_entity",
      "conditions": {
        "entity": {
          "type": "minecraft:player",
          "type_specific": {
            "type":"player"
          }
        }
      }
    }
  },
  "requirements": [
    [
      "hit"
    ]
  ],
  "rewards": {
    "function": "skill:victory"
  },
  "sends_telemetry_event": true
}
