{
  "display": {
    "icon": {
      "item": "minecraft:suspicious_stew",
      "nbt": "{Damage:0}"
    },
    "title": {
      "text": "超派~",
      "bold": true
    },
    "description": {
      "text": "超派~",
      "bold": true
    },
    "background": "minecraft:textures/block/red_mushroom_block.png",
    "show_toast": true,
    "announce_to_chat": true,
    "hidden": false
  },
  "criteria": {
    "pai": {
      "trigger": "minecraft:entity_killed_player",
      "conditions": {
        "entity": {
          "type": "minecraft:player",
          "nbt": "{Tags:[SP_Bro]}",
          "effects": {
            "minecraft:strength": {},
            "minecraft:nausea": {}
          }
        }
      }
    }
  },
  "requirements": [
    [
      "pai"
    ]
  ],
  "rewards": {
    "function": "skill:kill_by_pai"
  },
  "sends_telemetry_event": true
}
