{
  "display": {
    "icon": {
      "item": "minecraft:suspicious_stew",
      "nbt": "{Damage:0}"
    },
    "title": {
      "text": "超派",
      "bold": true
    },
    "description": {
      "text": "超派",
      "bold": true
    },
    "frame": "task",
    "background": "minecraft:textures/block/stone.png",
    "show_toast": true,
    "announce_to_chat": true,
    "hidden": false
  },
  "criteria": {
    "chau_pai": {
      "trigger": "minecraft:player_killed_entity",
      "conditions": {
        "player": {
          "type": "minecraft:player",
          "type_specific": {
            "type": "player"
          },
          "nbt": "{Tags:[SP_Bro]}",
          "effects": {
            "minecraft:nausea": {},
            "minecraft:strength": {}
          }
        },
        "entity": {
          "type": "minecraft:player",
          "type_specific": {
            "type": "player"
          }
        }
      }
    }
  },
  "requirements": [
    [
      "chau_pai"
    ]
  ],
  "rewards": {
    "function": "skill:chau_pai"
  },
  "sends_telemetry_event": true
}
