{
  "display": {
    "icon": {
      "item": "minecraft:diamond_axe",
      "nbt": "{Damage:0}"
    },
    "title": {
      "text": "打掉了"
    },
    "description": {
      "text": "打掉了"
    },
    "show_toast": false,
    "announce_to_chat": false
  },
  "criteria": {
    "steal": {
      "trigger": "minecraft:entity_hurt_player",
      "conditions": {
        "damage": {
          "source_entity": {
            "nbt": "{Tags:[MBG]}",
            "equipment": {
              "mainhand": {
                "items": [
                  "minecraft:air"
                ]
              }
            }
          }
        }
      }
    }
  },
  "requirements": [
    [
      "steal"
    ]
  ],
  "rewards": {
    "function": "skill:steal"
  },
  "sends_telemetry_event": true
}
