{
  "criteria": {
    "yamato": {
      "trigger": "minecraft:player_hurt_entity",
      "conditions": {
        "entity": [
          {
            "condition": "minecraft:inverted",
            "term": {
              "condition": "minecraft:entity_properties",
              "entity": "this",
              "predicate": {
                "type": "minecraft:interaction"
              }
            }
          }
        ],
        "damage": {
          "type": {
            "tags": 
            [
              {
                "id": "minecraft:bypasses_cooldown",
                "expected": false
              }
            ]
          }
        }
      }
    }
  },
  "requirements": [
    [
      "yamato"
    ]
  ],
  "rewards": {
    "function": "skill:yamato"
  }
}
