{
  "type": "minecraft:entity",
  "pools": [
    {
      "rolls": 1,
      "entries": [
        {
          "type": "minecraft:item",
          "name": "minecraft:gunpowder",
          "functions": [
            {
              "function": "minecraft:set_count",
              "count": 5,
              "conditions": [
                {
                  "condition": "minecraft:entity_properties",
                  "entity": "killer_player",
                  "predicate": {
                    "nbt": "{Tags:[bomber]}"
                  }
                }
              ]
            }
          ]
        }
      ]
    }
  ]
}
