{
  "pools": [
    {
      "rolls": 2,
      "bonus_rolls": 1,
      "entries": [
        {
          "type": "minecraft:item",
          "weight": 1,
          "name": "minecraft:bone",
          "functions": [
            {
              "function": "minecraft:set_count",
              "count": {
                "min": 1,
                "max": 2
              }
            }
          ],
          "conditions": [
            {
              "condition": "minecraft:entity_properties",
              "entity": "killer",
              "predicate": {
                "nbt": "{Tags:[pokemon]}"
              }
            }
          ]
        },
        {
          "type": "minecraft:item",
          "weight": 1,
          "name": "minecraft:bone_meal",
          "functions": [
            {
              "function": "minecraft:set_count",
              "count": {
                "min": 1,
                "max": 2
              }
            }
          ],
          "conditions": [
            {
              "condition": "minecraft:entity_properties",
              "entity": "killer",
              "predicate": {
                "nbt": "{Tags:[pokemon]}"
              }
            }
          ]
        },
        {
          "type": "minecraft:item",
          "weight": 3,
          "name": "minecraft:gunpowder",
          "functions": [
            {
              "function": "minecraft:set_count",
              "count": {
                "min": 1,
                "max": 2
              },
              "conditions": [
                {
                  "condition": "minecraft:inverted",
                  "term": {
                    "condition": "minecraft:entity_properties",
                    "entity": "killer",
                    "predicate": {
                      "nbt": "{Tags:[pokemon]}"
                    }
                  }
                }
              ]
            },
            {
              "function": "minecraft:set_count",
              "count": {
                "min": 1,
                "max": 5
              },
              "conditions": [
                {
                  "condition": "minecraft:entity_properties",
                  "entity": "killer",
                  "predicate": {
                    "nbt": "{Tags:[pokemon]}"
                  }
                }
              ]
            }
          ]
        },
        {
          "type": "minecraft:item",
          "weight": 1,
          "name": "minecraft:lime_dye",
          "functions": [
            {
              "function": "minecraft:set_count",
              "count": 1
            },
            {
              "function": "minecraft:set_nbt",
              "tag": "{creeper:1b}"
            }
          ],
          "conditions": [
            {
              "condition": "minecraft:random_chance",
              "chance": 0.8
            },
            {
              "condition": "minecraft:entity_properties",
              "entity": "killer",
              "predicate": {
                "nbt": "{Tags:[pokemon]}"
              }
            }
          ]
        }
      ]
    }
  ]
}
