{
    "type": "minecraft:crafting_shaped",
    "pattern": [
        " #i",
        "Ei#",
        "/E "
    ],
    "key": {
        "#": {
            "item": "minecraft:feather"
        },
        "i": {
            "item": "minecraft:iron_ingot"
        },
        "E": {
            "item": "minecraft:ender_pearl"
        },
        "/": {
            "item": "minecraft:stick"
        }
    },
    "result": {
        "item": "minecraft:debug_stick",
        "count": 1
    }
}